SNo,Name,Email,Title,Company
1530,Sreevidhya Shashi,sreevidhya.shashi@itorizon.com,Senior Director - HR @ ITOrizon & UCBOS,ITOrizon
1531,Sridevi Putta,sputta@aztecsoftware.com,Head of HR,Aztecsoft
1532,Sridevi Ramoo,sridevi@sedintechnologies.com,Global Head Human Resources,Sedin Technologies
1533,Sridevi Vinayagaraj,sridevi.v@jeevantechnologies.com,Head - HR,Jeevan Technologies
1534,Sridhar Barige,sridhar.barige@jsw.in,Head HR,JSoft Solutions
1535,Sridhar Kotha,sridhar.kotha@gupshup.io,Director - Performance QA Automation,Gupshup
1536,Sridhar Marla,sridhar.m@fluentgrid.com,Vice President & Head of HR,Fluentgrid
1537,Sridhar Srinivasan,sridhar.srinivasan@boardex.com,Head - HR,BoardEx
1538,Srikanth Battu,srikanthb@techpointsolutions.com,Managing Director and Technical Recruitment Lead,Techpoint
1539,Srikanth Emula,srikanth.e@mergenit.com,Head Talent Acquisition,Mergen IT LLC
1540,Srikanth Sathyanarayana,srikanth.sathyanarayana@komprise.com,Head of Talent Acquisition,Komprise
1541,Srikrishna,srikrishna@fugoservices.com,"Head - HR, Compliance & Quality Control",FUGO Services
1542,Srinath Gururajarao,srinath.g@nexval.com,Vice President & CHRO,Nexval Group
1543,Srini Chakravarthy,srini@technogeninc.com,COO & Director - IT Workforce Solutions,"TechnoGen,"
1544,Srinidhi Dasaka,srinidhi.d@keka.com,Head Of Human Resources,Keka HR
1545,Srinivas P,srinivas@collaboratesolutions.com,Head - Talent Aquisation,Collaborate Solutions
1546,Srinivas Polaris,srinivas.polaris@polarismanagement.com,Director HR,Polaris
1547,Srinivas Talampuranam,srinivas.talampuranam@inspirage.com,Director - Human Resources,Inspirage
1548,Sriram Sundaram,ssundaram@tetrasoft.us,Head Of Human Resources,Tetrasoft
1549,Srivathsan Mg,srivathsan.mg@kumaran.com,Head - Talent Acquisition,Kumaran Systems
1550,Srividhya Deshpande,srividhya.deshpande@springml.com,Senior Director Human Resources,"SpringML,"
1551,Stephen Taylor,stephen@eoxvantage.com,Head Human Resources Department,EOX Vantage
1552,Subashini Sundaram,suba@geval6.com,Vice President Talent Acquisition,Geval6 Inc
1553,Subbarao Cvrk,subbarao.c@softpath.net,Vice President & Global Head HR,Softpath System
1554,Subhakant Das,sdas@edrinfo.com,Head Of Human Resources,EDR Continuous Information
1555,Subhash Bv,subhashbv@macomsolutions.com,Head HR,Manappuram Comptech & Consultants
1556,Subhash Chandra,subhash.chandra@silverlinecrm.com,Head of People Operations - India,Silverline
,,subramanian.adaikalam@sumtotalsystems.,,
1557,Subramanian Adaikalam,,"Director, Global Talent Management",SumTotal Systems
,,com,,
1558,Subramanian B,subramanian@logisofttechinc.com,Head Staffing and IT Services,Logisoft Technologies
1559,Subramanian Ponnusamy,sponnusamy@aequor.com,Director-India Staffing Services,Aequor Technologies
1560,Subramanya Srikant,subramanya@reshamandi.com,Head Of Human Resources,ReshaMandi
1561,Subrina Lepcha,subrina@flobiz.in,Associate Director - Talent Management,FloBiz
1562,Suby Mathew,mathew@techautocons.com,Director - Executive Search,TAC
1563,Sucheta Ukidve,sucheta.ukidve@mindstix.com,"Director, HR",Mindstix Software Labs
1564,Sudeep Chakkingal,sudeep.chakkingal@ssitsol.com,Head of Talent Acquisition,"SSIT,"
1565,Sudeep Luthra,sudeep.luthra@orange.com,Head - Human Resources,Orange Business Services
1566,Sudhaa Veerappan,sudhaav@buddi.ai,Consulting HR Head,BUDDI AI
1567,Sudhakar,sudhakar@noblesoft.com,Head Hunter Recruitment,Noblesoft Technologies
1568,Sudhindra Sarnobat,sudhindra.sarnobat@isourceinfosystems.com,HR Chief at i-Source and Director,i-Source Infosystems
1569,Sudhir B,sudhir.b@aeriestechnology.com,Head - Talent Acquisition,Aeries Technology Group
1570,Sudhir Salve,sudhir.salve@searshc.com,Head - Talent Acquisition,Sears Holdings India
1571,Sudhir Shinde,sudhir.shinde@nielseniq.com,Associate Director - Talent Acquisition,NielsenIQ
1572,Suguna Rajaram,suguna.rajaram@ymedialabs.com,Human Resources Director,Y Media Labs
1573,Suhasini Ramakrishnan,suhasinir@amzetta.com,Vice President - Human Resources,AmZetta Technologies
1574,Sujatha G,sujathag@celcomsolutions.com,Director - HR,Celcom Solutions Global
1575,Sujatha Venkatesan,sujatha.v@oneglobesystems.com,Head - Talent Acquisition & People Management,OneGlobe
1576,Sujee Shalini,sujee@crayondata.com,Head of Talent Acquisition,Crayon Data
1577,Sujeet Rao,sujeet.rao@diverselynx.com,AVP-HR,Diverse Lynx
1578,Sujit Jiandani,sujit.jiandani@aethereus.com,Director Talent Acquisition - Leadership Hiring,Aethereus
1579,Sukeshni Tulasi,sukeshni.tulasi@napierhealthcare.com,Head Of Human Resources,Napier Healthcare
1580,Sukhpreet Sandhu,sukhpreet.sandhu@itilite.com,Head of Human Resources | Executive Team,ITILITE
1581,Sulabh Daigavhane,sulabh.daigavhane@truminds.com,Head of Talent Acquisition,Truminds Software Systems
1582,Sumalatha Duggu,sumalatha.d@ritesoftware.com,Head -Human Resources,Rite Software
1583,Suman Bhattacharjee,suman.bhattacharjee@webskitters.com,Corporate Account & Talent Acquisition Head,WEBSKITTERS TECHNOLOGY SOLUTIONS
1584,Suman Kitawat,suman.kitawat@fivesplash.in,Associate Director Corporate HR Head,FiveS Digital
1585,Suman Mukherjee,suman.mukherjee@ultimatesolutions.in,Head of Human Resources,Ultimate Digital Solutions
1586,Sumarani Sarkar,sumarani.y@ekaplus.com,Director - Global Human Resources,Eka Software Solutions
1587,Sumit Kathuria,sumit.k@nrconsultingservice.com,Chief Human Resources Officer (CHRO),NR Consulting
1588,Sumit Midha,sumit.midha@intellolabs.com,Head of Talent Acquisition,Intello Labs
1589,Sumukhi Jairam,sumukhi.jairam@nttdata.com,Sr. Director- Talent and Development,NTT DATA
1590,Sunaina Sisodiya,sunaina@u3infotech.com,Head HR-APAC,U3 Infotech
1591,Sunandha Sakthiprassad,sunandha@telliant.net,Vice President - HR & Finance (India),Telliant Systems
1592,Sundeep Dasa,sundeep.dasa@valgenesis.com,Associate Director - HR,ValGenesis
1593,Sundeep Pandey,sundeep.pandey@puresoftware.com,Director Technology (US Health Care),PureSoftware
1594,Sunder Rangarajan,sunder.rangarajan@businessintegra.com,Vice President - HR & Operations,Business Integra Inc
1595,Sunetra,sunetra@hiverhq.com,Head Of Human Resources,Hiver
1596,Sunil Kapoor,skapoor@milcorp.com,VICE PRESIDENT-HR,The MIL Corporation
1597,Sunil Sarangdhar,sunils2@innov.in,AVP - HR,Innovsource
1598,Sunila Jaikumar,sunila_jaikumar@edgeverve.com,Head HR - Finacle,Infosys Finacle
1599,Sunit Kanoi,sunit.kanoi@ag-technologies.com,Head - Talent Acquisition,AG Technologies
1600,Sunita Dave,sdave@relsci.com,Director of Human Resources,Relationship Science
1601,Sunitha Sriekumaar,sunithas@affluentgs.com,Sr Head HR Operations,Affluent Global Services
1602,Sunny Chavan,sunny.chavan@mediaagility.com,Head - Talent Acquisition & Management,MediaAgility
1603,Sunny Shroff,sunny.shroff@unitech-rio.com.br,Director - HR,Unitech
1604,Sunny Walia,sunny.walia@axeno.co,Assistant Vice President - Talent Acquisition,Axeno
1605,Supraja Sekhar,ssekhar@utopiainc.com,Associate Director - HR,"Utopia Global,"
1606,Supreeth Gudla,supreeth.gudla@euclidinnovations.com,Pan India Head - Staffing and Operations,Euclid Innovations
1607,Supriya A,supriya.a@ecolabdigitalcenter.in,Senior Director - HR,Ecolab Digital Center
1608,Supriya Dodia,hr.mumbai@konverge.co.in,Assistant Vice President -HR,Konverge Technologies
1609,Supriya Lulla,supriya.lulla@doyen.co.in,Head - Human Resources,Doyen Infosolutions
1610,Supriya Shonu,supriya.shonu@deeptek.ai,Human Resources Director,DeepTek
1611,Surabhi Sharma,surabhi.sharma@se2.com,Head Of Human Resources,SE2
1612,Suraj Shylaja,suraj.shylaja@g10x.com,Head Human Resources,_G10X
1613,Surajeet Sinha,surajeet@stockedge.com,Head Of Human Resources,StockEdge
1614,Surbhi Gupta,surbhi.gupta@enquero.com,Head- Talent Acquisition India,Enquero
1615,Surbhi Sinha,surbhi.sinha@kapture.cx,HR Head,Kapture CRM
1616,Suresh Aade,suresh.aade@foodhub.com,Head Of Human Resources - India,Foodhub
1617,Suresh C,sureshc@vuram.com,Director of People Operations,Vuram
1618,Suresh Divakaran,suresh@truetechsolutions.in,Associate Vice President - Talent Acquisition,TrueTech Solutions
1619,Suresh Menon,suresh@aspirenxt.com,Head Human Resources,AspireNXT
1620,Suresh Nair,suresh.n@wrenchsolutions.com,Head - HR and Admn,WRENCH Solutions
1621,Suresh Tedlapu,sureshkumar.tedlapu@criticalriver.com,Director of Recruiting Operations - India & APAC,CriticalRiver
1622,Suresh Thangaraj,tsuresh@kutirtech.com,Delivery Head - Talent Acquisition,Kutir Corporation
1623,Surinder Cheema,surinderc@damcogroup.com,Associate Director : Recruitments,Damco Solutions
1624,Suriya Kumar,suriya.kumar@kumaran.com,AVP - HR,Kumaran Systems
1625,Surojit Chowdhury,surojitc@interrait.com,Director - Recruitment,Interra Information Technologies
1626,Suruchi Handa,suruchi.handa@azilen.com,Associate Vice President - Human Resources,Azilen Technologies
1627,Suruchi Khosla,skhosla@contecglobal.com,Head -HR(India),Contec Global
1628,Susan D'Silva,susan.dsilva@aujas.com,Head of HR and Recruitment,Aujas Cybersecurity
1629,Susan Leonard,susan@kissflow.com,Director Talent Acquisition,Kissflow
1630,Susheel Kumar,susheelk@ironsystems.com,Director Workforce Services EMEA & APAC,Iron Systems
1631,Sushil Kumar,sushil.kumar@expediteinc.com,Associate Director - Human Resources,Expedite Technology Solutions
1632,Sushmita Aduri,sushmita.aduri@teklink.com,Head of US HR / Manager - India Operations,TekLink International
1633,Susmita Kaushik,susmita.kaushik@blazeclan.com,Associate Director - People & Culture,Blazeclan Technologies
1634,Suva Dasgupta,suva.dasgupta@theblueflamelabs.com,Director Human Resources,Blue Flame Labs
1635,Suvarna Fuke,suvarna_f@sigma-byte.com,Head HR,Sigma-Byte Computers
1636,Suvro Karmakar,suvro.karmakar@ubique-systems.com,Global Human Resources - Platform Head,Ubique Systems
1637,Suzanna Tapala,suzanna.tapala@ankercloud.com,Head of Human Resources Operations,Ankercloud GmbH
1638,Sveta Shenoy,sveta.shenoy@technoidentity.com,Head of Talent Acquisition,TechnoIdentity
1639,Swagato Sengupta,swagato.sengupta@areteanstech.com,Associate Director - Human Resources,Areteans
,,swaminathan.srinivasan@transactcampus.,,
1640,Swaminathan Srinivasan,,Senior Human Resources Manager (HR Head),Transact Campus Inc
,,com,,
1641,Swapna Jaladi,swapna.jaladi@savantis.com,Vice President - HR & Operations,Savantis Solutions LLC
1642,Swapna Krishna,swapna.krishna@theoptimum.net,AVP-Human Resources,Optimum Solutions
1643,Swapna Lamba,swapna@avestacs.com,"Head-People, Immigration & Talent",Avesta Computer Services
1644,Swapnika Nag,snag@tataunistore.com,Chief People Officer,Tata CLiQ
1645,Swapnil Bhoskar,swapnil.bhoskar@pragmasys.in,Head-HR,Pragmasys Consulting
1646,Swapnil Pilkhane,swapnil.pilkhane@aqmtechnologies.com,Head - HR Operations,AQM Technologies
1647,Swapnil Trikane,swapnil.trikane@irisbusiness.com,"Head - Nordic, Baltic & Eastern European Union",IRIS Business Services
1648,Swaroop Shrm-Scp,swaroop.gokhale@mediaagility.com,Head of People Operations,MediaAgility
1649,Swarup Chilumkuru,swarup@polygon.technology,Global Head - People Operations,Polygon
1650,Swarup Chowdhury,swarup.chowdhury@qtsolv.com,Director-HR & Finance,Quarks
1651,Swathi Narayan,snarayan@atsg.net,"Head of Human Resources, India",ATSG
1652,Swathi S,swathi.s@envoyglobal.com,Director Human Resources,Envoy Global
1653,Swati Dev,swati.d@safe.security,Senior Directo Talent Acquisition,Safe Security
1654,Swati M,swati_m@elsner.com,Head of HR,Elsner Technologies
1655,Swati Patil,swatip@zimetrics.com,Head - HR,ZiMetrics Technologies
1656,Swati Sharma,swati.sharma@triotree.in,Head Of Human Resources,TrioTree Technologies
1657,Swati Suryavanshi,suryavanshi.swati@mantratec.com,Head - Strategic HR,Mantra Softech
1658,Sweety Nair,sweety.nair@puresoftware.com,Associate Director - HR,PureSoftware
1659,Sweety Rath,sweety.rath@aspect.com,VP Global HR,"Alvaria,"
1660,Sweta Bidwai,sbidwai@saltside.se,Director - People & Operations,Saltside
1661,Sweta Jain,sweta@rizzle.tv,HR Head & General Manager,Rizzle
1662,Sweta Mishra,smishra@ivp.in,Director HR,Indus Valley Partners
1663,Swetha Harikrishnan,swetha@hackerearth.com,HR Director,HackerEarth
1664,Swetha Monalisa,swetha@intonenetworks.com,Head - TAG / Human Resources Operations,Intone
1665,Syed Faizan,syed.faizan@rsrit.com,Director Talent Acquisition,Reliable Software
1666,Syed Husain,syed@dixitindia.com,Head HR,Dixit Infotech Services
1667,Syed Ibrahim,syed@helpshift.com,Head Of Human Resources,Helpshift
1668,Syed Mehandi,syedmehandi@cedcoss.com,Head Of Human Resources,CEDCOSS Technologies
1669,Syed Quddus,syed@panzertechnologies.com,Director - Talent Acquisition,Panzer Technologies
1670,Syed Rizvi,syed.rizvi@megasoftsol.com,HEAD PAYROLL And Compliances,Megasoft Solutions India
1671,Tanisha T,tanisha@91social.com,Head of HR and Finance,91social
1672,Tanu Saxena,tsaxena@trimaxamericas.com,Talent Acquisition head,Data Glove
1673,Tanuj,tanuj.sonawale@riomed.com,"Head - HR and Operations, India (Director)",RioMed
1674,Tanuj Uppal,tanuj@codersbrain.com,HR Head,CodersBrain
1675,Tanul Jain,tanul.jain@cyware.com,Head of Talent Acquisition,Cyware
1676,Tanvi,tanvi.s@commerceiq.ai,Principal - India Recruiting Head,CommerceIQ
1677,Tanvi Mittal,tanvi.mittal@vlinkinfo.com,HR Head- India,VLink Inc
1678,Tanvi Salpekar,tanvi.salpekar@maantic.com,Director- HR,Maantic Inc
1679,Tapas Chatterjee,tapas@spartanpoker.com,President - Human Resources,QUADRIFIC MEDIA
1680,Tara Cherian,tara.cherian@reflectionsinfos.com,HR Director,Reflections Info Systems
1681,Tariq Khan,tariq@pfinfotech.com,HR Head,Placement Services
1682,Tarit Bhaumik,tarit.bhaumik@nevaehtech.com,Head HR,Nevaeh Technology
1683,Tasneem Mujir,tasneem.mujir@ecolab.com,Associate Director Human Resources,Ecolab Digital Center
1684,Tej Kumar,krtk@suprasoft.com,Head -Talent Acquisition Operations (INDIA),SupraSoft
1685,Tejinder Bhullar,tejinder@truckx.com,Head Of Human Resources,TruckX Inc
1686,Terence Anthony,terencea@observe.ai,Director Talent Acquisition,Observe.AI
1687,Tess Burlow,tess.burlow@symbiosystech.com,Head of HR,Symbiosis Technologies
1688,Thangaraj Vinayagmoorthy,thangaraj@uniphore.com,Head of Talent Acquisition,Uniphore
1689,Thejaswini Kulkarni,thejaswini.kulkarni@sakhatech.com,Head - HR & Admin,Sakhatech Information Systems
1690,Thierry Flury,thierry.flury@orange.com,Director International HR Shared Services,Orange Business Services
1691,Thomas Kuruvila,thomask@azuga.com,Director Human Resources,"Azuga,"
1692,Thrishala Narule,thrishala.n@optit.in,Head - Finance & HR Operations,Opt IT Technologies
1693,Timcy Bansal,timcy@exlyapp.com,Head of Talent Acquisition,Exly
1694,Tisha Prasad,tisha@loconav.com,Vice President Human Resources,LocoNav
1695,Toshi Jain,t.jain@novelvox.com,Director - HR & Delivery Governance,NovelVox
1696,Trisha Chandra,trisha.chandra@nirvanasolutions.com,VP - Human Resource,Nirvana Solutions
1697,Trupti Pansare,trupti.pansare@inteliment.com,Director & CHRO,Inteliment
1698,Trupti Shukla,trupti.shukla@optym.com,Director HR,Optym
1699,Tulasi Pochampally,tpochampally@hostanalytics.com,"Senior Director, People Operations",Planful
1700,Uday Kumar,udaykumar@cadmaxx.com,Vice President Staffing,Cadmaxx Solutions
1701,Udit Gupta,udit@dataincindia.com,Delivery Head - Talent Acquisition,Software Data (India) - SDIL
1702,Ujjal Sarkar,usarkar@netwoven.com,"Head - HR, Operations & Finance",Netwoven
1703,Ujjwaal D,ujjwaal.d@valentabpo.com,Head HR,Valenta
1704,Uma Maheshwari,uma_maheshwari@mindtree.com,Associate Director - Talent,MINDTREE
1705,Uma Revanasiddaiah,uma.hr@magnasoft.com,"AVP - Human Resources, Operations Enablement",Magnasoft
1706,Umar Kizhuvapat,umar.k@acuverconsulting.com,Director - HR & Operations,Acuver Consulting
1707,Umesh Kamath,umesh.kamath@maxval.com,Vice President Human Resources,"MaxVal Group,"
1708,Umesh Yadav,umesh.yadav@dynpro.com,Director Talent Acquisition,"DynPro,"
1709,Usha Chirayil,usha.chirayil@reflectionsinfos.com,Director Human Resources,Reflections Info Systems
1710,Usha Jaiswal,usha.jaiswal@systematixindia.com,Head Of Human Resources,Systematix Infotech
1711,Usha Nath,usha.nath@nathcorp.com,Director HR,NathCorp
1712,Usha Ns,usha@cube84.com,Human Resources Director,CUBE84
1713,Uthappa Kuppanda,uthappa.kuppanda@solugenix.com,Head of Talent Acquisition,Solugenix
1714,Utkarsh Tomar,utkarsht@observe.ai,Human Resources Director,Observe.AI
1715,Utsav Kothari,utsav.kothari@embee.co.in,AVP- Human Resources,Embee Software
1716,Vaibhav,vaibhav.khanna@fci-ccm.com,Chief People Officer,FCI CCM
1717,Vaibhav Ghai,vaibhav@scienaptic.com,Head HR,Scienaptic AI
1718,Vaibhav Kumar,kumar.v@nrconsultingservice.com,National Recruiting Director,NR Consulting
1719,Vaibhav R,r.vaibhav@pixis.ai,Global Head of Talent Acquisition,Pyxis One
1720,Vaibhavi Joshi,vaibhavi.j@infogen-labs.com,Head - HR & Recruitments,Infogen Labs
1721,Vaidhyanathan C,vaidhyanathan@infinitysts.com,"Head, Delivery Talent Acquisition and Operation",Infinity
1722,Vaidyanathan P,vaidyanathan@calsof.com,Head - HR,California Software
1723,Vaishali Gandhi,vgandhi@vibrenthealth.com,"Vice President Finance, HR and Operations",Vibrent Health
1724,Vamshi Krishna,vamshi.krishna@ritesoftware.com,AVP Global Talent Acquisition,Rite Software
1725,Vamsi Krishna,vamsi.krishna@atmecs.com,Associate Director- Talent acquisition,ATMECS Inc
1726,Vandana Chawla,vandana.chawla@innefu.com,Head Of Human Resources,Innefu Labs
1727,Vandana Pandey,vandana.pandey@adapty.com,Head Of Human Resources,Adapty
1728,Vandana Roy,vandana.roy@vfirst.com,Vice President Human Resources,ValueFirst
1729,Vani Sathvik,vani.sathvik@ekaplus.com,Vice President - HR & Admin,Eka Software Solutions
1730,Vanitha Nitin,vanitha.nitin@sunlife.com,"Director, Head HR- ASC India",Sun Life
1731,Vara Manda,varaprasad.m@fluentgrid.com,Recruitment Head,Fluentgrid
1732,Vara Tupalli,vara.tupalli@amnetdigital.com,Director - Human Resources,Amnet Digital
1733,Vardhini Mani,vardhini.mani@agile-ft.com,Head HR,Agile Financial Technologies
1734,Varna Nair,varna.nair@nxtgen.com,Head of HR,NxtGen Infinite Datacenter
1735,Varsha Raghav,tyson@rapidinnovation.dev,Head of HR,Rapid Innovation
1736,Varsha Rathore,varsha@consystentinfo.com,Head of Talent Acquisition,Consystent Infotech
1737,Varsha Sethia,varsha.sethia@fintellix.com,Director - Human Resources,Fintellix Solutions
1738,Varsha Shekar,varsha.shekar@servicemax.com,Human Resources Director,ServiceMax
1739,Varun Hatmode,vhatmode@tavisca.com,Vice President Human Resources,Tavisca
1740,Varun Wadhwa,varun.wadhwa@birdeye.com,"Senior Director, People & Culture",Birdeye
1741,Vasanthi Naidu,vasanthi.n@greyorange.com,Vice President - Talent Acquisition & Operations,GreyOrange
1742,Vasu P,vasu.p@nbhcindia.com,Assistant Vice President - Human Resources,63 moons Technologies
1743,Vasudev Munji,vasudevm@kensium.com,AVP - HR,Kensium
1744,Vedha Bharathi,vedha@cloudthing.com,Chief People Officer,cloudThing
1745,Veena Bhagwat,veena.bhagwat@infrabeat.com,Head - Human Resource,InfraBeat Technologies
1746,Veena Rao,veena.rao@highstreetit.com,Director of India Human Resource,Highstreet IT Solutions
1747,Veena Satish,veena.satish@moengage.com,VP - People & Culture,MoEngage
1748,Veena Vishnu,veena.vishnu@plansource.com,"Senior Director, HR",PlanSource
1749,Vema Radha,vradha@v2soft.com,Director HR,V2Soft
1750,Venkat Challa,cvenkat@aditiconsulting.com,Sr. Director - Recruitment,Aditi Consulting
1751,Venkat Rengasamy,venkat.r@mresult.com,SVP & Head of HR,MResult
1752,Venkata Akella,ratnakar@corp.untd.com,Head - Human Resources,"United Online,"
1753,Venkata Kuruhuri,venkata.kuruhuri@symphonycorp.com,Senior Head HR,Symphony Corporation
1754,Venkatesan Srinivasan,vs@changepond.com,Vice President Human Resources & HR Head,Changepond Technologies
1755,Venkatesh Bj,venkatesh.bj@vrize.com,Head of Talent Acquisition,VRIZE
1756,Venkatesh G,venkateshg@useready.com,Associate Director- Talent Acquisition,USEReady
1757,Vickky Sahoo,vickky.sahoo@lanetteam.com,Head Of Recruitment,La Net Team Software Solution.
1758,Vidhya Sam,vidhya.sam@superops.ai,Head Of Human Resources,SuperOps.ai
1759,Vidya Salve,vidya.salve@wovvtech.com,Group Head – Talent Acquisition,WovV Technologies
1760,Vidya Srikumar,vsrikumar@reputation.com,Human Resources Director,Reputation.com
1761,Vigil Thomas,vigilmthomas@tonetag.com,Head - Human Resources,ToneTag
1762,Vignesh Manickam,vignesh.m@myhealthchampion.com,HR Director - India,Calcium
1763,Vignesh Sanga,vignesh.sanga@savantis.com,Global HR Head,Savantis Solutions LLC
1764,Vignesh Uthandi,u.vignesh@introlligent.com,Delivery Head - Staffing Services & Solutions,Introlligent
1765,Vijay Arcot,vijay.arcot@ymedialabs.com,Director Talent Acquisition,Y Media Labs
1766,Vijay Gupta,vijay.gupta@rahisystems.com,Director of Global Human Resources,Rahi
1767,Vijay Kumar,vijay.kumar@bukuwarung.com,Head of Global Talent Acquisition,BukuWarung
1768,Vijay Kumar,vijaykumar.r@contus.in,Director Human Resources Services,Contus
1769,Vijay Pundir,vijaypundir@dwao.in,Group Head - Human Resources,DWAO
1770,Vijay Rai,vijay.rai@apollo.engineer,Chief HR Officer,Apollo
1771,Vijay Rao,vijay.r@navasoftware.com,VP - HR & Operations,NAVA Software Solutions
1772,Vijay Sharma,vijay@leadiq.com,Head of Recruiting,LeadIQ
1773,Vijay T,vijay.t@ipsoft.com,"Head, Human Resources",Amelia
1774,Vijay Tiwari,vijay.tiwari@hal-dz.com,Head of Plant Human Resources Operations,HAL
1775,Vijay Unnikrishnan,vijay.unnikrishnan@acqueon.com,Global Head-Human Resources,Acqueon
1776,Vijaya R,vijayar@sightspectrum.com,Chief People Officer,SightSpectrum LLC
1777,Vijaya Talluri,vijaya.talluri@g10x.com,Head - Talent Acquisition,_G10X
1778,Vijayakrishna Tarikonda,vijayakrishna.t@lera.us,Director - Human Resources,Lera Technologies
1779,Vijayalakshmi Subramaniam,vijayalakshmi.s@payoda.com,Associate Vice President- Human Resources,Payoda Technology
1780,Vijayeta Rohilla,vijayeta@sellcraft.net,Delivery Head-Talent Acquisition,Sellcraft Global Solutions
1781,Vijil V,vijil@appinessworld.com,Chief People Officer,Appiness Interactive
1782,Viju Gangadharan,viju@imocha.io,Director - Human Resources,iMocha
1783,Vikas Singh,vikass@interrait.com,Director Recruitment,Interra Information Technologies
1784,Vikash Choudhary,vikas.kumar@altudo.co,Associate Director - Talent Acquisition,Altudo
1785,Vikram Kallianpur,vkallianpur@cordys.com,"Head-HR & OD, Corporate Services",Cordys
1786,Vikram Kallianpur,vikram.kallianpur@innovapptive.com,Chief Human Resources Officer,Innovapptive Inc
1787,Vikram Vijan,vikram@gyftr.com,Head Of Human Resources,Vouchagram India
1788,Vikrant Bhalodia,vikrant@weblineindia.com,Head of HR & People Operations,WeblineIndia
1789,Vikrant Goyal,vikrant.goyal@games24x7.com,VP (Head) HR - Games24x7,Games24x7
1790,Vimal Balsara,vimal.balsara@cdpindia.com,Head Human Resource and Administration,CDP India
1791,Vinay Karrow,vinay.karrow@belwo.com,Head HR,BelWo Inc
1792,Vinay Kn,vinay.kn@cropin.com,Head of Talent Acquisition,CropIn Technology
1793,Vinay Mahajan,vinay.mahajan@techgenies.com,Head HR,TechGenies
1794,Vinay Singh,vinay.s@manthan.com,Global Talent Acquisition Head,Manthan
1795,Vineela Gopalajosyula,vineela.gopalajosyula@itelligencegroup.com,Associate Director Talent Acquisition,itelligence
1796,Vineet Singh,vineets@svam.com,Head - Domestic Staffing,SVAM International
1797,Vinibha S,vinibha@dsrc.com,Head of HR,DSRC
1798,Vinita Jayapalan,vinita.jayapalan@provintl.com,Director - Global People & Culture,ProV International
1799,Vinny Sethi,vinny@tops-int.com,Head HR at TOPS Technologies Pvt Ltd,TOPS Technologies
1800,Vinny Singh,vinny@webguruz.in,Human Resources Director,Webguruz Technologies
1801,Vinod Ch,vinod.ch@neelblue.com,Human Resources Director,NeelBlue Technologies
1802,Vinod Malik,vinod.malik@a1technology.com,Head HR,A-1 Technology
1803,Vinod Mankala,vinod@ally.io,Director of People & Culture,Ally.io
1804,Vinod Reddy,vinod.r@o2finfosolutions.com,Delivery Head - Recruitment,O2F INFO SOLUTIONS
1805,Vinok Sequeria,vinok.sequeria@jda.com,Director HR,i2 Technologies
1806,Vinutha Govindan,vinutha.govindan@resulticks.com,Head of Talent Experience,Resulticks
1807,Vipin Ravindranath,vipin.r@codilar.com,Head of Talent Acquisition,Codilar Technologies
1808,Vipin Sharma,vipin.sharma@vtnetzwelt.com,Head of HR,VT Netzwelt
1809,Viraaj Arora,viraaj@headout.com,Head - Culture and Talent,Headout
1810,Vishakha Saini,vishakha.saini@infostride.com,HR Head,InfoStride
1811,Vishakha Shinde,vishakha.s@mindgate.in,Assistant Vice President Human Resources,Mindgate Solutions
1812,Vishal Kanade,vishal.kanade@zenart.com,Sr. Director Finance and HR,Zen & Art
1813,Vishal Naithani,vishal.naithani@mylofamily.com,Head of People & Culture,Mylo
1814,Vishal Verma,vishal@alumnux.com,Head Of Human Resources,Alumnus Software
1815,Vishma Vivek,vishma@litmus7.com,Global Head-Talent Acquisition,Litmus7
1816,Vishnu Ramesh,vishnu.vardhan@bitlasoft.com,Head of HR,Bitla Software
1817,Vishruti Arora,varora@unifocus.com,Vice President - People & Culture,UniFocus
1818,Vishva Paneri,vishva.paneri@lipi.in,Head HR,Lipi Data Systems
1819,Vishwa Kapadia,vishwa@platform9.com,Chief People Officer,Platform9 Systems
1820,Vishwajit Sakhare,vishwajit@shivaami.com,"Director - Renewals, HR and Admin",Shivaami Cloud Services
1821,Vishwanath Belliappa,vishwanath.belliappa@codecraft.co.in,Chief People Officer,CodeCraft Technologies
1822,Vithika Binjrajka,vithika@optimizeitsystems.com,Vice President Human Resources,Optimize IT Systems
1823,Vivek,vivekj@selectsourceintl.com,Director Of Operations (Recruitment & Delivery),Select Source International
1824,Vivek Gaur,vivek@pacificbpo.com,Chief Peoples Officer,Pacific Global
1825,Vivek Purc,vivek@helius-tech.com,Vice President - Staffing Services,Helius Technologies
1826,Vivek Saxena,vivek.saxena@newstechnologyservices.com,Head - HR Ops,News Technology Services
1827,Vivek Singh,viveksingh@jupitice.com,Director- HR & Operations,Jupitice Justice Technologies
1828,Vram V,vram.v@ducenit.com,Director Talent Acquisition,Ducen
1829,Vyas Ramaraj,vyas.ramaraj@trustrace.com,Director HR,TrusTrace
1830,Yasar Arafath,yasar.j@techmango.net,Head Of Human Resources,Techmango Technology Services
1831,Yashika Gupta,yashika@mawaimail.com,Head of Recruitment,Mawai Infotech
1832,Yashika Thimmaiah,yashika@vrize.com,Chief Human Resources Officer,VRIZE
1833,Yashpal Yadav,yashpal.yadav@dynproindia.com,Head Of Talent Management,"DynPro,"
1834,Yashwanth Salian,yashwanths@blubirch.com,Head Of Human Resources & Administration,Blubirch
1835,Yesha Brahmbhatt,yesha.brahmbhatt@contentstack.com,Associate Director Human Resources,Contentstack
1836,Yogesh Waran,yogesh.waran@sandhata.com,Director- Talent Acquisition,Sandhata Technologies
1837,Yogita Sharma,yogita.sharma@netsmartz.com,Head-HR(People and Culture),Netsmartz
1838,Zarna Trivedi,zarnatrivedi@versa-networks.com,Head - Human Resources,Versa Networks
1839,Zeeshan Khan,zeeshan.khan@luminescent.digital,Head Of Human Resources,Luminescent Digital
1840,Zia Alam,zia.alam@bluepineapple.io,Chief People Officer,bluepineapple
1841,Zubair Wani,zubair.wani@netmagicsolutions.com,Associate Director - Human Resources,NTT DATA
1842,Zulfiqar Syed,zulfiqar.syed@netcore.co.in,Associate Vice President - HR,Netcore Cloud
